{"max": [-0.143344, 2.9678, 10.2049], "centroid": [-2.4294366870082245, 1.2172046074606468, 4.0613666271691065], "id": "2cd119ce9ec61f1af63ee8a34069b7c5", "numVertices": 34576, "min": [-4.38187, -0.230641, -1.08287e-15]}
