{"max": [1.30465, 1.49659, 3.64122], "centroid": [0.3705565480582245, 0.644401240068652, 1.4997969452106905], "id": "2cbe6850de4fa5a34a6a7ab072f22d7d", "numVertices": 15733, "min": [-0.466504, 0.037848, -0.511724]}
